{
  "ResNet-50": {
    "clean": {
      "accuracy": 1.0,
      "f1_macro": 1.0,
      "kappa": 1.0,
      "ece": 0.039374427739963976,
      "report": {
        "Brown_spot": {
          "precision": 1.0,
          "recall": 1.0,
          "f1-score": 1.0,
          "support": 39.0
        },
        "Normal": {
          "precision": 1.0,
          "recall": 1.0,
          "f1-score": 1.0,
          "support": 31.0
        },
        "black_spot": {
          "precision": 1.0,
          "recall": 1.0,
          "f1-score": 1.0,
          "support": 16.0
        },
        "accuracy": 1.0,
        "macro avg": {
          "precision": 1.0,
          "recall": 1.0,
          "f1-score": 1.0,
          "support": 86.0
        },
        "weighted avg": {
          "precision": 1.0,
          "recall": 1.0,
          "f1-score": 1.0,
          "support": 86.0
        }
      },
      "n_samples": 86
    },
    "ext": {
      "accuracy": 0.3238950276243094,
      "f1_macro": 0.2695889416534338,
      "kappa": 0.00744629530179719,
      "ece": 0.32916104887195385,
      "report": {
        "Brown_spot": {
          "precision": 0.07743362831858407,
          "recall": 0.05555555555555555,
          "f1-score": 0.06469500924214418,
          "support": 630.0
        },
        "Normal": {
          "precision": 0.8249118683901293,
          "recall": 0.4267477203647416,
          "f1-score": 0.5625,
          "support": 1645.0
        },
        "black_spot": {
          "precision": 0.12617702448210924,
          "recall": 0.32367149758454106,
          "f1-score": 0.18157181571815717,
          "support": 621.0
        },
        "accuracy": 0.3238950276243094,
        "macro avg": {
          "precision": 0.3428408403969409,
          "recall": 0.26865825783494607,
          "f1-score": 0.2695889416534338,
          "support": 2896.0
        },
        "weighted avg": {
          "precision": 0.5124720792630734,
          "recall": 0.3238950276243094,
          "f1-score": 0.3725229466103337,
          "support": 2896.0
        }
      },
      "n_samples": 2896
    }
  },
  "DenseNet-121": {
    "clean": {
      "accuracy": 1.0,
      "f1_macro": 1.0,
      "kappa": 1.0,
      "ece": 0.0539603004621905,
      "report": {
        "Brown_spot": {
          "precision": 1.0,
          "recall": 1.0,
          "f1-score": 1.0,
          "support": 39.0
        },
        "Normal": {
          "precision": 1.0,
          "recall": 1.0,
          "f1-score": 1.0,
          "support": 31.0
        },
        "black_spot": {
          "precision": 1.0,
          "recall": 1.0,
          "f1-score": 1.0,
          "support": 16.0
        },
        "accuracy": 1.0,
        "macro avg": {
          "precision": 1.0,
          "recall": 1.0,
          "f1-score": 1.0,
          "support": 86.0
        },
        "weighted avg": {
          "precision": 1.0,
          "recall": 1.0,
          "f1-score": 1.0,
          "support": 86.0
        }
      },
      "n_samples": 86
    },
    "ext": {
      "accuracy": 0.3777624309392265,
      "f1_macro": 0.2920209152326246,
      "kappa": 0.0780732822097161,
      "ece": 0.33744309309520115,
      "report": {
        "Brown_spot": {
          "precision": 0.0390625,
          "recall": 0.007936507936507936,
          "f1-score": 0.013192612137203167,
          "support": 630.0
        },
        "Normal": {
          "precision": 0.7392265193370166,
          "recall": 0.4066869300911854,
          "f1-score": 0.5247058823529411,
          "support": 1645.0
        },
        "black_spot": {
          "precision": 0.22544283413848631,
          "recall": 0.6763285024154589,
          "f1-score": 0.33816425120772947,
          "support": 621.0
        },
        "accuracy": 0.3777624309392265,
        "macro avg": {
          "precision": 0.33457728449183427,
          "recall": 0.3636506468143841,
          "f1-score": 0.2920209152326246,
          "support": 2896.0
        },
        "weighted avg": {
          "precision": 0.47673929534164095,
          "recall": 0.3777624309392265,
          "f1-score": 0.3734297383000781,
          "support": 2896.0
        }
      },
      "n_samples": 2896
    }
  },
  "EfficientNet-B0": {
    "clean": {
      "accuracy": 0.9767441860465116,
      "f1_macro": 0.9694827765096493,
      "kappa": 0.963010752688172,
      "ece": 0.039656891379245496,
      "report": {
        "Brown_spot": {
          "precision": 0.975,
          "recall": 1.0,
          "f1-score": 0.9873417721518988,
          "support": 39.0
        },
        "Normal": {
          "precision": 1.0,
          "recall": 0.967741935483871,
          "f1-score": 0.9836065573770492,
          "support": 31.0
        },
        "black_spot": {
          "precision": 0.9375,
          "recall": 0.9375,
          "f1-score": 0.9375,
          "support": 16.0
        },
        "accuracy": 0.9767441860465116,
        "macro avg": {
          "precision": 0.9708333333333333,
          "recall": 0.9684139784946236,
          "f1-score": 0.9694827765096493,
          "support": 86.0
        },
        "weighted avg": {
          "precision": 0.9770348837209303,
          "recall": 0.9767441860465116,
          "f1-score": 0.9767224696815415,
          "support": 86.0
        }
      },
      "n_samples": 86
    },
    "ext": {
      "accuracy": 0.5839088397790055,
      "f1_macro": 0.45160538839925923,
      "kappa": 0.3048791006183159,
      "ece": 0.2478673179422953,
      "report": {
        "Brown_spot": {
          "precision": 0.2389937106918239,
          "recall": 0.06031746031746032,
          "f1-score": 0.09632446134347275,
          "support": 630.0
        },
        "Normal": {
          "precision": 0.7745098039215687,
          "recall": 0.7203647416413373,
          "f1-score": 0.7464566929133858,
          "support": 1645.0
        },
        "black_spot": {
          "precision": 0.3877381938690969,
          "recall": 0.7536231884057971,
          "f1-score": 0.5120350109409191,
          "support": 621.0
        },
        "accuracy": 0.5839088397790055,
        "macro avg": {
          "precision": 0.46708056949416316,
          "recall": 0.5114351301215315,
          "f1-score": 0.45160538839925923,
          "support": 2896.0
        },
        "weighted avg": {
          "precision": 0.5750759957111666,
          "recall": 0.5839088397790055,
          "f1-score": 0.55475808435194,
          "support": 2896.0
        }
      },
      "n_samples": 2896
    }
  },
  "MobileNetV3-L": {
    "clean": {
      "accuracy": 1.0,
      "f1_macro": 1.0,
      "kappa": 1.0,
      "ece": 0.061811790909878046,
      "report": {
        "Brown_spot": {
          "precision": 1.0,
          "recall": 1.0,
          "f1-score": 1.0,
          "support": 39.0
        },
        "Normal": {
          "precision": 1.0,
          "recall": 1.0,
          "f1-score": 1.0,
          "support": 31.0
        },
        "black_spot": {
          "precision": 1.0,
          "recall": 1.0,
          "f1-score": 1.0,
          "support": 16.0
        },
        "accuracy": 1.0,
        "macro avg": {
          "precision": 1.0,
          "recall": 1.0,
          "f1-score": 1.0,
          "support": 86.0
        },
        "weighted avg": {
          "precision": 1.0,
          "recall": 1.0,
          "f1-score": 1.0,
          "support": 86.0
        }
      },
      "n_samples": 86
    },
    "ext": {
      "accuracy": 0.5763121546961326,
      "f1_macro": 0.3130486071851064,
      "kappa": 0.12557976549519267,
      "ece": 0.25475555244647996,
      "report": {
        "Brown_spot": {
          "precision": 0.1775,
          "recall": 0.1126984126984127,
          "f1-score": 0.1378640776699029,
          "support": 630.0
        },
        "Normal": {
          "precision": 0.6454102355808286,
          "recall": 0.9659574468085106,
          "f1-score": 0.7738008278548819,
          "support": 1645.0
        },