{
  "model": "catnet",
  "split_mode": "clean",
  "split_info": {
    "mode": "clean",
    "source": "originals from Images/test (non-augmented)",
    "ratios": "70/15/15 stratified",
    "seed": 42,
    "train_size": 401,
    "val_size": 86,
    "test_size": 86,
    "train_per_class": [
      186,
      144,
      71
    ],
    "val_per_class": [
      40,
      31,
      15
    ],
    "test_per_class": [
      39,
      31,
      16
    ],
    "classes": [
      "Apple Brown_spot",
      "Apple Normal",
      "Apple black_spot"
    ],
    "class_weights": [
      0.7186379928315412,
      0.9282407407407407,
      1.8826291079812207
    ]
  },
  "num_params": 5287076,
  "best_val_f1_macro": 1.0,
  "final_metrics": {
    "accuracy": 1.0,
    "precision_macro": 1.0,
    "recall_macro": 1.0,
    "f1_macro": 1.0,
    "precision_weighted": 1.0,
    "recall_weighted": 1.0,
    "f1_weighted": 1.0,
    "per_class_precision": [
      1.0,
      1.0,
      1.0
    ],
    "per_class_recall": [
      1.0,
      1.0,
      1.0
    ],
    "per_class_f1": [
      1.0,
      1.0,
      1.0
    ],
    "per_class_support": [
      39,
      31,
      16
    ],
    "confusion_matrix": [
      [
        39,
        0,
        0
      ],
      [
        0,
        31,
        0
      ],
      [
        0,
        0,
        16
      ]
    ],
    "auc_ovr_macro": 1.0,
    "classification_report": "                  precision    recall  f1-score   support\n\nApple Brown_spot     1.0000    1.0000    1.0000        39\n    Apple Normal     1.0000    1.0000    1.0000        31\nApple black_spot     1.0000    1.0000    1.0000        16\n\n        accuracy                         1.0000        86\n       macro avg     1.0000    1.0000    1.0000        86\n    weighted avg     1.0000    1.0000    1.0000        86\n"
  },
  "epoch_log": [
    {
      "epoch": 1,
      "train_loss": 1.1136342477322814,
      "train_acc": 0.5835411471321695,
      "val_acc": 0.9534883720930233,
      "val_f1_macro": 0.9620726495726496,
      "val_auc": 0.9965813464235623,
      "lr": 0.00016153846153846153,
      "time_sec": 39.89179849624634
    },
    {
      "epoch": 2,
      "train_loss": 0.5733474910705166,
      "train_acc": 0.9576059850374065,
      "val_acc": 0.9767441860465116,
      "val_f1_macro": 0.9740209743793974,
      "val_auc": 0.9988269794721408,
      "lr": 0.0003,
      "time_sec": 3.336366891860962
    },
    {
      "epoch": 3,
      "train_loss": 0.3876164968768855,
      "train_acc": 0.9750623441396509,
      "val_acc": 0.9767441860465116,
      "val_f1_macro": 0.9740209743793974,
      "val_auc": 1.0,
      "lr": 0.0002986028919054496,
      "time_sec": 4.474429130554199
    },
    {
      "epoch": 4,
      "train_loss": 0.2319662920257397,
      "train_acc": 0.9975062344139651,
      "val_acc": 0.9767441860465116,
      "val_f1_macro": 0.9680555555555556,
      "val_auc": 1.0,
      "lr": 0.0002944375931021699,
      "time_sec": 3.383697509765625
    },
    {
      "epoch": 5,
      "train_loss": 0.2554274572249957,
      "train_acc": 0.9925187032418953,
      "val_acc": 1.0,
      "val_f1_macro": 1.0,
      "val_auc": 1.0,
      "lr": 0.0002875816952258179,
      "time_sec": 4.499693155288696
    },
    {
      "epoch": 6,
      "train_loss": 0.2581539510417163,
      "train_acc": 0.9900249376558603,
      "val_acc": 0.9767441860465116,
      "val_f1_macro": 0.9740209743793974,
      "val_auc": 0.9998188405797102,
      "lr": 0.0002781629106819733,
      "time_sec": 3.3243565559387207
    },
    {
      "epoch": 7,
      "train_loss": 0.2179789812190277,
      "train_acc": 1.0,
      "val_acc": 1.0,
      "val_f1_macro": 1.0,
      "val_auc": 1.0,
      "lr": 0.00026635669360566296,
      "time_sec": 4.449965715408325
    },
    {
      "epoch": 8,
      "train_loss": 0.23927159808074447,
      "train_acc": 0.9925187032418953,
      "val_acc": 0.9883720930232558,
      "val_f1_macro": 0.9904202927882345,
      "val_auc": 1.0,
      "lr": 0.0002523829714827981,
      "time_sec": 3.3789710998535156
    },
    {
      "epoch": 9,
      "train_loss": 0.24172731093189068,
      "train_acc": 0.9950124688279302,
      "val_acc": 1.0,
      "val_f1_macro": 1.0,
      "val_auc": 1.0,
      "lr": 0.00023650204831723005,
      "time_sec": 4.432565927505493
    },
    {
      "epoch": 10,
      "train_loss": 0.24137972243260267,
      "train_acc": 0.9950124688279302,
      "val_acc": 1.0,
      "val_f1_macro": 1.0,
      "val_auc": 1.0,
      "lr": 0.0002190097556596728,
      "time_sec": 3.4234695434570312
    },
    {
      "epoch": 11,
      "train_loss": 0.24946568597879196,
      "train_acc": 0.9925187032418953,
      "val_acc": 1.0,
      "val_f1_macro": 1.0,
      "val_auc": 1.0,
      "lr": 0.0002002319418256479,
      "time_sec": 4.463203191757202
    }
  ],
  "epochs_trained": 11,
  "classes": [
    "Apple Brown_spot",
    "Apple Normal",
    "Apple black_spot"
  ],
  "checkpoint": "C:\\Users\\ilhami\\Desktop\\Deep2026\\PlantCity A Comprehensive Image Based on Multi Cro\\PlantCity A Comprehensive Image Based on Multi Cro\\experiments\\results\\checkpoints\\catnet_clean_best.pt"
}