{
  "model": "densenet121",
  "split_mode": "clean",
  "split_info": {
    "mode": "clean",
    "source": "originals from Images/test (non-augmented)",
    "ratios": "70/15/15 stratified",
    "seed": 42,
    "train_size": 401,
    "val_size": 86,
    "test_size": 86,
    "train_per_class": [
      186,
      144,
      71
    ],
    "val_per_class": [
      40,
      31,
      15
    ],
    "test_per_class": [
      39,
      31,
      16
    ],
    "classes": [
      "Apple Brown_spot",
      "Apple Normal",
      "Apple black_spot"
    ],
    "class_weights": [
      0.7186379928315412,
      0.9282407407407407,
      1.8826291079812207
    ]
  },
  "num_params": 6956931,
  "best_val_f1_macro": 1.0,
  "final_metrics": {
    "accuracy": 1.0,
    "precision_macro": 1.0,
    "recall_macro": 1.0,
    "f1_macro": 1.0,
    "precision_weighted": 1.0,
    "recall_weighted": 1.0,
    "f1_weighted": 1.0,
    "per_class_precision": [
      1.0,
      1.0,
      1.0
    ],
    "per_class_recall": [
      1.0,
      1.0,
      1.0
    ],
    "per_class_f1": [
      1.0,
      1.0,
      1.0
    ],
    "per_class_support": [
      39,
      31,
      16
    ],
    "confusion_matrix": [
      [
        39,
        0,
        0
      ],
      [
        0,
        31,
        0
      ],
      [
        0,
        0,
        16
      ]
    ],
    "auc_ovr_macro": 1.0,
    "classification_report": "                  precision    recall  f1-score   support\n\nApple Brown_spot     1.0000    1.0000    1.0000        39\n    Apple Normal     1.0000    1.0000    1.0000        31\nApple black_spot     1.0000    1.0000    1.0000        16\n\n        accuracy                         1.0000        86\n       macro avg     1.0000    1.0000    1.0000        86\n    weighted avg     1.0000    1.0000    1.0000        86\n"
  },
  "epoch_log": [
    {
      "epoch": 1,
      "train_loss": 1.0870990861681036,
      "train_acc": 0.5311720698254364,
      "val_acc": 0.8604651162790697,
      "val_f1_macro": 0.8643648018648019,
      "val_auc": 0.9655238505993103,
      "lr": 0.00016153846153846153,
      "time_sec": 45.30013108253479
    },
    {
      "epoch": 2,
      "train_loss": 0.42952759716278893,
      "train_acc": 0.9226932668329177,
      "val_acc": 0.9651162790697675,
      "val_f1_macro": 0.9527478171545969,
      "val_auc": 1.0,
      "lr": 0.0003,
      "time_sec": 3.518488883972168
    },
    {
      "epoch": 3,
      "train_loss": 0.19941912532001363,
      "train_acc": 0.9950124688279302,
      "val_acc": 1.0,
      "val_f1_macro": 1.0,
      "val_auc": 1.0,
      "lr": 0.0002986028919054496,
      "time_sec": 4.79941725730896
    },
    {
      "epoch": 4,
      "train_loss": 0.20916803266639425,
      "train_acc": 0.9900249376558603,
      "val_acc": 1.0,
      "val_f1_macro": 1.0,
      "val_auc": 1.0,
      "lr": 0.0002944375931021699,
      "time_sec": 3.568267822265625
    },
    {
      "epoch": 5,
      "train_loss": 0.197617444537227,
      "train_acc": 0.9925187032418953,
      "val_acc": 1.0,
      "val_f1_macro": 1.0,
      "val_auc": 1.0,
      "lr": 0.0002875816952258179,
      "time_sec": 4.614143371582031
    },
    {
      "epoch": 6,
      "train_loss": 0.20724883556663246,
      "train_acc": 0.9775561097256857,
      "val_acc": 1.0,
      "val_f1_macro": 1.0,
      "val_auc": 1.0,
      "lr": 0.0002781629106819733,
      "time_sec": 3.7501394748687744
    },
    {
      "epoch": 7,
      "train_loss": 0.17793060151716122,
      "train_acc": 0.9925187032418953,
      "val_acc": 1.0,
      "val_f1_macro": 1.0,
      "val_auc": 1.0,
      "lr": 0.00026635669360566296,
      "time_sec": 4.629696846008301
    },
    {
      "epoch": 8,
      "train_loss": 0.1920691042618264,
      "train_acc": 0.9975062344139651,
      "val_acc": 1.0,
      "val_f1_macro": 1.0,
      "val_auc": 1.0,
      "lr": 0.0002523829714827981,
      "time_sec": 3.5871310234069824
    },
    {
      "epoch": 9,
      "train_loss": 0.20058556328390603,
      "train_acc": 0.9900249376558603,
      "val_acc": 0.9767441860465116,
      "val_f1_macro": 0.9680555555555556,
      "val_auc": 1.0,
      "lr": 0.00023650204831723005,
      "time_sec": 4.608755350112915
    }
  ],
  "epochs_trained": 9,
  "classes": [
    "Apple Brown_spot",
    "Apple Normal",
    "Apple black_spot"
  ],
  "checkpoint": "C:\\Users\\ilhami\\Desktop\\Deep2026\\PlantCity A Comprehensive Image Based on Multi Cro\\PlantCity A Comprehensive Image Based on Multi Cro\\experiments\\results\\checkpoints\\densenet121_clean_best.pt"
}