{
  "model": "mobilenetv3_large",
  "split_mode": "clean",
  "split_info": {
    "mode": "clean",
    "source": "originals from Images/test (non-augmented)",
    "ratios": "70/15/15 stratified",
    "seed": 42,
    "train_size": 401,
    "val_size": 86,
    "test_size": 86,
    "train_per_class": [
      186,
      144,
      71
    ],
    "val_per_class": [
      40,
      31,
      15
    ],
    "test_per_class": [
      39,
      31,
      16
    ],
    "classes": [
      "Apple Brown_spot",
      "Apple Normal",
      "Apple black_spot"
    ],
    "class_weights": [
      0.7186379928315412,
      0.9282407407407407,
      1.8826291079812207
    ]
  },
  "num_params": 4205875,
  "best_val_f1_macro": 1.0,
  "final_metrics": {
    "accuracy": 1.0,
    "precision_macro": 1.0,
    "recall_macro": 1.0,
    "f1_macro": 1.0,
    "precision_weighted": 1.0,
    "recall_weighted": 1.0,
    "f1_weighted": 1.0,
    "per_class_precision": [
      1.0,
      1.0,
      1.0
    ],
    "per_class_recall": [
      1.0,
      1.0,
      1.0
    ],
    "per_class_f1": [
      1.0,
      1.0,
      1.0
    ],
    "per_class_support": [
      39,
      31,
      16
    ],
    "confusion_matrix": [
      [
        39,
        0,
        0
      ],
      [
        0,
        31,
        0
      ],
      [
        0,
        0,
        16
      ]
    ],
    "auc_ovr_macro": 1.0,
    "classification_report": "                  precision    recall  f1-score   support\n\nApple Brown_spot     1.0000    1.0000    1.0000        39\n    Apple Normal     1.0000    1.0000    1.0000        31\nApple black_spot     1.0000    1.0000    1.0000        16\n\n        accuracy                         1.0000        86\n       macro avg     1.0000    1.0000    1.0000        86\n    weighted avg     1.0000    1.0000    1.0000        86\n"
  },
  "epoch_log": [
    {
      "epoch": 1,
      "train_loss": 2.1832894508975405,
      "train_acc": 0.5062344139650873,
      "val_acc": 0.6395348837209303,
      "val_f1_macro": 0.6385679818077624,
      "val_auc": 0.9260294732681295,
      "lr": 0.00016153846153846153,
      "time_sec": 57.67832350730896
    },
    {
      "epoch": 2,
      "train_loss": 0.8828444353065585,
      "train_acc": 0.8528678304239401,
      "val_acc": 0.872093023255814,
      "val_f1_macro": 0.8619627139291302,
      "val_auc": 0.9932497420524108,
      "lr": 0.0003,
      "time_sec": 2.8007655143737793
    },
    {
      "epoch": 3,
      "train_loss": 0.5471572030214895,
      "train_acc": 0.942643391521197,
      "val_acc": 0.8488372093023255,
      "val_f1_macro": 0.835475791997531,
      "val_auc": 0.9718281774743266,
      "lr": 0.0002986028919054496,
      "time_sec": 2.606879711151123
    },
    {
      "epoch": 4,
      "train_loss": 0.5321216569874352,
      "train_acc": 0.8802992518703242,
      "val_acc": 0.9069767441860465,
      "val_f1_macro": 0.8936965473550839,
      "val_auc": 0.9953643760362051,
      "lr": 0.0002944375931021699,
      "time_sec": 2.266329765319824
    },
    {
      "epoch": 5,
      "train_loss": 0.4197262402187262,
      "train_acc": 0.9251870324189526,
      "val_acc": 0.9418604651162791,
      "val_f1_macro": 0.9378787078137109,
      "val_auc": 0.9989049972693772,
      "lr": 0.0002875816952258179,
      "time_sec": 2.281236410140991
    },
    {
      "epoch": 6,
      "train_loss": 0.35571559089377636,
      "train_acc": 0.9451371571072319,
      "val_acc": 0.8604651162790697,
      "val_f1_macro": 0.8441228767507326,
      "val_auc": 0.9900893478370613,
      "lr": 0.0002781629106819733,
      "time_sec": 2.2195632457733154
    },
    {
      "epoch": 7,
      "train_loss": 0.3110665653709164,
      "train_acc": 0.9551122194513716,
      "val_acc": 0.9418604651162791,
      "val_f1_macro": 0.9257168458781363,
      "val_auc": 0.9949590251925654,
      "lr": 0.00026635669360566296,
      "time_sec": 2.2383217811584473
    },
    {
      "epoch": 8,
      "train_loss": 0.3087805678273674,
      "train_acc": 0.9576059850374065,
      "val_acc": 0.9767441860465116,
      "val_f1_macro": 0.9680555555555556,
      "val_auc": 0.9985920082239937,
      "lr": 0.0002523829714827981,
      "time_sec": 2.3648526668548584
    },
    {
      "epoch": 9,
      "train_loss": 0.26640623822771103,
      "train_acc": 0.9625935162094763,
      "val_acc": 0.9534883720930233,
      "val_f1_macro": 0.9396157519004169,
      "val_auc": 0.9986314760508309,
      "lr": 0.00023650204831723005,
      "time_sec": 2.759449005126953
    },
    {
      "epoch": 10,
      "train_loss": 0.24665786441127557,
      "train_acc": 0.9750623441396509,
      "val_acc": 0.9883720930232558,
      "val_f1_macro": 0.9837828309536402,
      "val_auc": 0.9988655294425399,
      "lr": 0.0002190097556596728,
      "time_sec": 3.9739530086517334
    },
    {
      "epoch": 11,
      "train_loss": 0.22882072148180366,
      "train_acc": 0.9825436408977556,
      "val_acc": 0.9883720930232558,
      "val_f1_macro": 0.9837828309536402,
      "val_auc": 0.9986700260212299,
      "lr": 0.0002002319418256479,
      "time_sec": 2.794769525527954
    },
    {
      "epoch": 12,
      "train_loss": 0.23857850074173506,
      "train_acc": 0.9825436408977556,
      "val_acc": 1.0,
      "val_f1_macro": 1.0,
      "val_auc": 1.0,
      "lr": 0.00018051840195789506,
      "time_sec": 2.601097583770752
    },
    {
      "epoch": 13,
      "train_loss": 0.22534665792362946,
      "train_acc": 0.9900249376558603,
      "val_acc": 0.9767441860465116,
      "val_f1_macro": 0.9754092979899432,
      "val_auc": 1.0,
      "lr": 0.00016023636200470065,
      "time_sec": 2.2157249450683594
    },
    {
      "epoch": 14,
      "train_loss": 0.23831379257532723,
      "train_acc": 0.9775561097256857,
      "val_acc": 0.9767441860465116,
      "val_f1_macro": 0.9694827765096493,
      "val_auc": 1.0,
      "lr": 0.00013976363799529936,
      "time_sec": 2.242821455001831
    },
    {
      "epoch": 15,
      "train_loss": 0.2332046403551934,
      "train_acc": 0.9850374064837906,
      "val_acc": 0.9883720930232558,
      "val_f1_macro": 0.9837828309536402,
      "val_auc": 1.0,
      "lr": 0.00011948159804210495,
      "time_sec": 2.3034441471099854
    },
    {
      "epoch": 16,
      "train_loss": 0.232807369823765,
      "train_acc": 0.970074812967581,
      "val_acc": 1.0,
      "val_f1_macro": 1.0,
      "val_auc": 1.0,
      "lr": 9.976805817435207e-05,
      "time_sec": 2.245025634765625
    },
    {
      "epoch": 17,
      "train_loss": 0.20871491325169134,
      "train_acc": 0.9975062344139651,
      "val_acc": 1.0,
      "val_f1_macro": 1.0,
      "val_auc": 1.0,
      "lr": 8.099024434032717e-05,
      "time_sec": 2.2333011627197266
    },
    {
      "epoch": 18,
      "train_loss": 0.19005159598930815,
      "train_acc": 1.0,
      "val_acc": 1.0,
      "val_f1_macro": 1.0,
      "val_auc": 1.0,
      "lr": 6.349795168276994e-05,
      "time_sec": 2.2671377658843994
    }
  ],
  "epochs_trained": 18,
  "classes": [
    "Apple Brown_spot",
    "Apple Normal",
    "Apple black_spot"
  ],
  "checkpoint": "C:\\Users\\ilhami\\Desktop\\Deep2026\\PlantCity A Comprehensive Image Based on Multi Cro\\PlantCity A Comprehensive Image Based on Multi Cro\\experiments\\results\\checkpoints\\mobilenetv3_large_clean_best.pt"
}