{
  "model": "resnet50",
  "split_mode": "clean",
  "split_info": {
    "mode": "clean",
    "source": "originals from Images/test (non-augmented)",
    "ratios": "70/15/15 stratified",
    "seed": 42,
    "train_size": 401,
    "val_size": 86,
    "test_size": 86,
    "train_per_class": [
      186,
      144,
      71
    ],
    "val_per_class": [
      40,
      31,
      15
    ],
    "test_per_class": [
      39,
      31,
      16
    ],
    "classes": [
      "Apple Brown_spot",
      "Apple Normal",
      "Apple black_spot"
    ],
    "class_weights": [
      0.7186379928315412,
      0.9282407407407407,
      1.8826291079812207
    ]
  },
  "num_params": 23514179,
  "best_val_f1_macro": 1.0,
  "final_metrics": {
    "accuracy": 1.0,
    "precision_macro": 1.0,
    "recall_macro": 1.0,
    "f1_macro": 1.0,
    "precision_weighted": 1.0,
    "recall_weighted": 1.0,
    "f1_weighted": 1.0,
    "per_class_precision": [
      1.0,
      1.0,
      1.0
    ],
    "per_class_recall": [
      1.0,
      1.0,
      1.0
    ],
    "per_class_f1": [
      1.0,
      1.0,
      1.0
    ],
    "per_class_support": [
      39,
      31,
      16
    ],
    "confusion_matrix": [
      [
        39,
        0,
        0
      ],
      [
        0,
        31,
        0
      ],
      [
        0,
        0,
        16
      ]
    ],
    "auc_ovr_macro": 1.0,
    "classification_report": "                  precision    recall  f1-score   support\n\nApple Brown_spot     1.0000    1.0000    1.0000        39\n    Apple Normal     1.0000    1.0000    1.0000        31\nApple black_spot     1.0000    1.0000    1.0000        16\n\n        accuracy                         1.0000        86\n       macro avg     1.0000    1.0000    1.0000        86\n    weighted avg     1.0000    1.0000    1.0000        86\n"
  },
  "epoch_log": [
    {
      "epoch": 1,
      "train_loss": 1.0585385890970207,
      "train_acc": 0.371571072319202,
      "val_acc": 0.1744186046511628,
      "val_f1_macro": 0.099009900990099,
      "val_auc": 0.8195067988220309,
      "lr": 0.00016153846153846153,
      "time_sec": 40.351200342178345
    },
    {
      "epoch": 2,
      "train_loss": 0.987397237906135,
      "train_acc": 0.3092269326683292,
      "val_acc": 0.1744186046511628,
      "val_f1_macro": 0.099009900990099,
      "val_auc": 0.9548034146055303,
      "lr": 0.0003,
      "time_sec": 6.113825559616089
    },
    {
      "epoch": 3,
      "train_loss": 0.7881490473735362,
      "train_acc": 0.3516209476309227,
      "val_acc": 0.3488372093023256,
      "val_f1_macro": 0.34683615746738666,
      "val_auc": 0.9648449785371244,
      "lr": 0.0002986028919054496,
      "time_sec": 3.5770809650421143
    },
    {
      "epoch": 4,
      "train_loss": 0.5923048858333407,
      "train_acc": 0.5885286783042394,
      "val_acc": 0.8953488372093024,
      "val_f1_macro": 0.8779729124556711,
      "val_auc": 0.9757575757575757,
      "lr": 0.0002944375931021699,
      "time_sec": 4.965061664581299
    },
    {
      "epoch": 5,
      "train_loss": 0.39893492974545297,
      "train_acc": 0.9226932668329177,
      "val_acc": 0.9534883720930233,
      "val_f1_macro": 0.9486111111111111,
      "val_auc": 0.9988413234731608,
      "lr": 0.0002875816952258179,
      "time_sec": 3.4111006259918213
    },
    {
      "epoch": 6,
      "train_loss": 0.2631132462226839,
      "train_acc": 0.9800498753117207,
      "val_acc": 0.9883720930232558,
      "val_f1_macro": 0.9904202927882345,
      "val_auc": 1.0,
      "lr": 0.0002781629106819733,
      "time_sec": 4.660306692123413
    },
    {
      "epoch": 7,
      "train_loss": 0.24023308250077643,
      "train_acc": 0.9650872817955112,
      "val_acc": 0.9767441860465116,
      "val_f1_macro": 0.9740209743793974,
      "val_auc": 1.0,
      "lr": 0.00026635669360566296,
      "time_sec": 3.452491283416748
    },
    {
      "epoch": 8,
      "train_loss": 0.1985786086008733,
      "train_acc": 0.9925187032418953,
      "val_acc": 0.9651162790697675,
      "val_f1_macro": 0.9527478171545969,
      "val_auc": 0.9996089931573803,
      "lr": 0.0002523829714827981,
      "time_sec": 4.968355894088745
    },
    {
      "epoch": 9,
      "train_loss": 0.18399465909027993,
      "train_acc": 0.9925187032418953,
      "val_acc": 1.0,
      "val_f1_macro": 1.0,
      "val_auc": 1.0,
      "lr": 0.00023650204831723005,
      "time_sec": 3.6384706497192383
    },
    {
      "epoch": 10,
      "train_loss": 0.20227488563245075,
      "train_acc": 0.9900249376558603,
      "val_acc": 1.0,
      "val_f1_macro": 1.0,
      "val_auc": 1.0,
      "lr": 0.0002190097556596728,
      "time_sec": 2.9654319286346436
    },
    {
      "epoch": 11,
      "train_loss": 0.19588044122270218,
      "train_acc": 0.9875311720698254,
      "val_acc": 1.0,
      "val_f1_macro": 1.0,
      "val_auc": 1.0,
      "lr": 0.0002002319418256479,
      "time_sec": 4.805525541305542
    },
    {
      "epoch": 12,
      "train_loss": 0.1837778927902331,
      "train_acc": 0.9950124688279302,
      "val_acc": 1.0,
      "val_f1_macro": 1.0,
      "val_auc": 1.0,
      "lr": 0.00018051840195789506,
      "time_sec": 3.570733070373535
    },
    {
      "epoch": 13,
      "train_loss": 0.18060277922641013,
      "train_acc": 0.9950124688279302,
      "val_acc": 1.0,
      "val_f1_macro": 1.0,
      "val_auc": 1.0,
      "lr": 0.00016023636200470065,
      "time_sec": 4.807545185089111
    },
    {
      "epoch": 14,
      "train_loss": 0.19143640526809597,
      "train_acc": 0.9850374064837906,
      "val_acc": 1.0,
      "val_f1_macro": 1.0,
      "val_auc": 1.0,
      "lr": 0.00013976363799529936,
      "time_sec": 3.3695530891418457
    },
    {
      "epoch": 15,
      "train_loss": 0.17007944233102393,
      "train_acc": 0.9975062344139651,
      "val_acc": 1.0,
      "val_f1_macro": 1.0,
      "val_auc": 1.0,
      "lr": 0.00011948159804210495,
      "time_sec": 5.341624021530151
    }
  ],
  "epochs_trained": 15,
  "classes": [
    "Apple Brown_spot",
    "Apple Normal",
    "Apple black_spot"
  ],
  "checkpoint": "C:\\Users\\ilhami\\Desktop\\Deep2026\\PlantCity A Comprehensive Image Based on Multi Cro\\PlantCity A Comprehensive Image Based on Multi Cro\\experiments\\results\\checkpoints\\resnet50_clean_best.pt"
}