{
  "model": "vit_b16",
  "split_mode": "clean",
  "split_info": {
    "mode": "clean",
    "source": "originals from Images/test (non-augmented)",
    "ratios": "70/15/15 stratified",
    "seed": 42,
    "train_size": 401,
    "val_size": 86,
    "test_size": 86,
    "train_per_class": [
      186,
      144,
      71
    ],
    "val_per_class": [
      40,
      31,
      15
    ],
    "test_per_class": [
      39,
      31,
      16
    ],
    "classes": [
      "Apple Brown_spot",
      "Apple Normal",
      "Apple black_spot"
    ],
    "class_weights": [
      0.7186379928315412,
      0.9282407407407407,
      1.8826291079812207
    ]
  },
  "num_params": 85800963,
  "best_val_f1_macro": 0.9832147418354316,
  "final_metrics": {
    "accuracy": 0.9883720930232558,
    "precision_macro": 0.9895833333333334,
    "recall_macro": 0.9914529914529915,
    "f1_macro": 0.9903799903799904,
    "precision_weighted": 0.9887354651162791,
    "recall_weighted": 0.9883720930232558,
    "f1_weighted": 0.9883888721098022,
    "per_class_precision": [
      1.0,
      0.96875,
      1.0
    ],
    "per_class_recall": [
      0.9743589743589743,
      1.0,
      1.0
    ],
    "per_class_f1": [
      0.987012987012987,
      0.9841269841269841,
      1.0
    ],
    "per_class_support": [
      39,
      31,
      16
    ],
    "confusion_matrix": [
      [
        38,
        1,
        0
      ],
      [
        0,
        31,
        0
      ],
      [
        0,
        0,
        16
      ]
    ],
    "auc_ovr_macro": 0.9998044965786902,
    "classification_report": "                  precision    recall  f1-score   support\n\nApple Brown_spot     1.0000    0.9744    0.9870        39\n    Apple Normal     0.9688    1.0000    0.9841        31\nApple black_spot     1.0000    1.0000    1.0000        16\n\n        accuracy                         0.9884        86\n       macro avg     0.9896    0.9915    0.9904        86\n    weighted avg     0.9887    0.9884    0.9884        86\n"
  },
  "epoch_log": [
    {
      "epoch": 1,
      "train_loss": 0.877738681665977,
      "train_acc": 0.6159600997506235,
      "val_acc": 0.9186046511627907,
      "val_f1_macro": 0.8647342995169082,
      "val_auc": 1.0,
      "lr": 0.00016153846153846153,
      "time_sec": 45.08200192451477
    },
    {
      "epoch": 2,
      "train_loss": 0.5131950439360373,
      "train_acc": 0.8628428927680798,
      "val_acc": 0.9883720930232558,
      "val_f1_macro": 0.9832147418354316,
      "val_auc": 1.0,
      "lr": 0.0003,
      "time_sec": 10.725059032440186
    },
    {
      "epoch": 3,
      "train_loss": 0.29947382274857187,
      "train_acc": 0.9152119700748129,
      "val_acc": 0.9767441860465116,
      "val_f1_macro": 0.9680555555555556,
      "val_auc": 1.0,
      "lr": 0.0002986028919054496,
      "time_sec": 10.998124122619629
    },
    {
      "epoch": 4,
      "train_loss": 0.2638149320930614,
      "train_acc": 0.9576059850374065,
      "val_acc": 0.9651162790697675,
      "val_f1_macro": 0.9585538147610154,
      "val_auc": 0.998435972629521,
      "lr": 0.0002944375931021699,
      "time_sec": 8.401167392730713
    },
    {
      "epoch": 5,
      "train_loss": 0.2859517190224512,
      "train_acc": 0.9451371571072319,
      "val_acc": 0.9883720930232558,
      "val_f1_macro": 0.9832147418354316,
      "val_auc": 1.0,
      "lr": 0.0002875816952258179,
      "time_sec": 12.346857786178589
    },
    {
      "epoch": 6,
      "train_loss": 0.3922961222709266,
      "train_acc": 0.9251870324189526,
      "val_acc": 0.9651162790697675,
      "val_f1_macro": 0.9543664493031582,
      "val_auc": 1.0,
      "lr": 0.0002781629106819733,
      "time_sec": 7.942844867706299
    },
    {
      "epoch": 7,
      "train_loss": 0.2847427048736677,
      "train_acc": 0.9600997506234414,
      "val_acc": 0.9186046511627907,
      "val_f1_macro": 0.8945126945126946,
      "val_auc": 0.9964809384164223,
      "lr": 0.00026635669360566296,
      "time_sec": 10.523365020751953
    },
    {
      "epoch": 8,
      "train_loss": 0.29721847867727874,
      "train_acc": 0.9501246882793017,
      "val_acc": 0.9767441860465116,
      "val_f1_macro": 0.9680555555555556,
      "val_auc": 0.9996089931573803,
      "lr": 0.0002523829714827981,
      "time_sec": 10.769416570663452
    }
  ],
  "epochs_trained": 8,
  "classes": [
    "Apple Brown_spot",
    "Apple Normal",
    "Apple black_spot"
  ],
  "checkpoint": "C:\\Users\\ilhami\\Desktop\\Deep2026\\PlantCity A Comprehensive Image Based on Multi Cro\\PlantCity A Comprehensive Image Based on Multi Cro\\experiments\\results\\checkpoints\\vit_b16_clean_best.pt"
}